"文件编号","清单文件名称","选用来源","文件名","原路径","扩展名","被Gold替代的源文件数","原路径长度","目标路径","执行结果"
"S0023-9001","持续葡萄糖监测系统用户需求规范","项目管理文件","S0023-9001 User Requirements Specification (URS)  For  CGMs  持续葡萄糖监测系统用户需求规范.docx","D:\ShareCache\LS_SH(上海生命科技)\1、研发部\2、CGM\CGM-欧盟注册-项目管理文件\T1&T2%T3\DHF\S0023-9001 User Requirements Specification (URS)  For  CGMs  持续葡萄糖监测系统用户需求规范.docx",".docx","0","150","C:\Users\hejc\Desktop\DHF\S0023-9001 User Requirements Specification (URS)  For  CGMs  持续葡萄糖监测系统用户需求规范.docx","预览"
"S0023-9002","持续葡萄糖监测系统设计和开发计划","项目管理文件","S0023-9002 Design and Development Plan For CGMs持续葡萄糖监测系统设计与开发计划.docx","D:\ShareCache\LS_SH(上海生命科技)\1、研发部\2、CGM\CGM-欧盟注册-项目管理文件\T1&T2%T3\DHF\S0023-9002 Design and Development Plan For CGMs持续葡萄糖监测系统设计与开发计划.docx",".docx","0","137","C:\Users\hejc\Desktop\DHF\S0023-9002 Design and Development Plan For CGMs持续葡萄糖监测系统设计与开发计划.docx","预览"
"S0023-9006","持续葡萄糖监测系统上市前风险管理计划","项目管理文件","S0023-9006 Pre-Market Risk Management Report For CGMs  上市前风险管理报告适用于持续葡萄糖监测系统.docx","D:\ShareCache\LS_SH(上海生命科技)\1、研发部\2、CGM\CGM-欧盟注册-项目管理文件\T1&T2%T3\DHF\S0023-9006 Pre-Market Risk Management Report For CGMs  上市前风险管理报告适用于持续葡萄糖监测系统.docx",".docx","0","150","C:\Users\hejc\Desktop\DHF\S0023-9006 Pre-Market Risk Management Report For CGMs  上市前风险管理报告适用于持续葡萄糖监测系统.docx","预览"
"S0023-9006","持续葡萄糖监测系统上市前风险管理计划","项目管理文件","S0023-9006 Risk Management Plan For CGMs 上市前风险管理计划.docx","D:\ShareCache\LS_SH(上海生命科技)\1、研发部\2、CGM\CGM-欧盟注册-项目管理文件\T1&T2%T3\DHF\S0023-9006 Risk Management Plan For CGMs 上市前风险管理计划.docx",".docx","0","124","C:\Users\hejc\Desktop\DHF\S0023-9006 Risk Management Plan For CGMs 上市前风险管理计划.docx","预览"
"S0023-9007","持续葡萄糖监测系统（CGMs）T1&T2技术评审报告","项目管理文件","S0023-9007 附件A：持续葡萄糖监测系统（CGMs）技术评审检查表（T1&T2）.docx","D:\ShareCache\LS_SH(上海生命科技)\1、研发部\2、CGM\CGM-欧盟注册-项目管理文件\T1&T2%T3\DHF\S0023-9007 附件A：持续葡萄糖监测系统（CGMs）技术评审检查表（T1&T2）.docx",".docx","0","118","C:\Users\hejc\Desktop\DHF\S0023-9007 附件A：持续葡萄糖监测系统（CGMs）技术评审检查表（T1&T2）.docx","预览"
"S0023-9007","持续葡萄糖监测系统（CGMs）T1&T2技术评审报告","项目管理文件","S0023-9007_持续葡萄糖监测系统（CGMs）T1&T2技术评审报告.doc","D:\ShareCache\LS_SH(上海生命科技)\1、研发部\2、CGM\CGM-欧盟注册-项目管理文件\T1&T2%T3\DHF\S0023-9007_持续葡萄糖监测系统（CGMs）T1&T2技术评审报告.doc",".doc","0","110","C:\Users\hejc\Desktop\DHF\S0023-9007_持续葡萄糖监测系统（CGMs）T1&T2技术评审报告.doc","预览"
"S0023-9009","持续葡萄糖监测系统危害分析报告","项目管理文件","S0023-9009 HAR for CGMs 持续葡萄糖监测系统危害分析报告.docx","D:\ShareCache\LS_SH(上海生命科技)\1、研发部\2、CGM\CGM-欧盟注册-项目管理文件\T1&T2%T3\DHF\S0023-9009 HAR for CGMs 持续葡萄糖监测系统危害分析报告.docx",".docx","0","113","C:\Users\hejc\Desktop\DHF\S0023-9009 HAR for CGMs 持续葡萄糖监测系统危害分析报告.docx","预览"
"S0023-9010","持续葡萄糖监测系统产品需求规范","项目管理文件","S0023-9010 Product Requirements Specification (PRS) for CGMs  持续葡萄糖监测系统产品需求规范.docx","D:\ShareCache\LS_SH(上海生命科技)\1、研发部\2、CGM\CGM-欧盟注册-项目管理文件\T1&T2%T3\DHF\S0023-9010 Product Requirements Specification (PRS) for CGMs  持续葡萄糖监测系统产品需求规范.docx",".docx","0","151","C:\Users\hejc\Desktop\DHF\S0023-9010 Product Requirements Specification (PRS) for CGMs  持续葡萄糖监测系统产品需求规范.docx","预览"
"S0023-9011","持续葡萄糖监测系统产品需求规范评审报告","项目管理文件","S0023-9011 Product Requirements Specification Review Report For CGMs 持续葡萄糖监测系统产品需求规范评审报告.docx","D:\ShareCache\LS_SH(上海生命科技)\1、研发部\2、CGM\CGM-欧盟注册-项目管理文件\T1&T2%T3\DHF\S0023-9011 Product Requirements Specification Review Report For CGMs 持续葡萄糖监测系统产品需求规范评审报告.docx",".docx","0","162","C:\Users\hejc\Desktop\DHF\S0023-9011 Product Requirements Specification Review Report For CGMs 持续葡萄糖监测系统产品需求规范评审报告.docx","预览"
"S0023-9012","持续葡萄糖监测系统产品设计输入追溯表","项目管理文件","S0023-9012 Design Input Traceability Table CGMs System  设计输入追溯表适用于持续葡萄糖监测系统.docx","D:\ShareCache\LS_SH(上海生命科技)\1、研发部\2、CGM\CGM-欧盟注册-项目管理文件\T1&T2%T3\DHF\S0023-9012 Design Input Traceability Table CGMs System  设计输入追溯表适用于持续葡萄糖监测系统.docx",".docx","0","149","C:\Users\hejc\Desktop\DHF\S0023-9012 Design Input Traceability Table CGMs System  设计输入追溯表适用于持续葡萄糖监测系统.docx","预览"
"S0023-9013","持续葡萄糖监测系统接收端软件需求规范","Gold Standard","CGM-1-CE-A-CH9.2.1-S0023-9013 Software Requirements Specification for Continuous Glucose Monitoring System Receiver.docx","D:\ShareCache\LS_SH(上海生命科技)\1、研发部\2、CGM\CGM-MDR注册\Technical Documentation-final\Chapter 9 Software and Cyperscurity\9.2 Software verification and validation0507\9.2.1 Software requirements\CGM-1-CE-A-CH9.2.1-S0023-9013 Software Requirements Specification for Continuous Glucose Monitoring System Receiver.docx",".docx","0","309","C:\Users\hejc\Desktop\DHF\CGM-1-CE-A-CH9.2.1-S0023-9013 Software Requirements Specification for Continuous Glucose Monitoring System Receiver.docx","预览"
"S0023-9013","持续葡萄糖监测系统接收端软件需求规范","Gold Standard","CGM-1-CE-A-CH9.2.1-S0023-9013 Software Requirements Specification for Continuous Glucose Monitoring System Receiver.pdf","D:\ShareCache\LS_SH(上海生命科技)\1、研发部\2、CGM\CGM-MDR注册\Technical Documentation-final\Chapter 9 Software and Cyperscurity\9.2 Software verification and validation0507\9.2.1 Software requirements\CGM-1-CE-A-CH9.2.1-S0023-9013 Software Requirements Specification for Continuous Glucose Monitoring System Receiver.pdf",".pdf","0","308","C:\Users\hejc\Desktop\DHF\CGM-1-CE-A-CH9.2.1-S0023-9013 Software Requirements Specification for Continuous Glucose Monitoring System Receiver.pdf","预览"
"S0023-9017","持续葡萄糖监测系统产品架构设计","项目管理文件","S0023-9017 Product Architecture Design For CGMs产品架构设计适用于持续葡萄糖监测系统.docx","D:\ShareCache\LS_SH(上海生命科技)\1、研发部\2、CGM\CGM-欧盟注册-项目管理文件\T1&T2%T3\DHF\S0023-9017 Product Architecture Design For CGMs产品架构设计适用于持续葡萄糖监测系统.docx",".docx","0","139","C:\Users\hejc\Desktop\DHF\S0023-9017 Product Architecture Design For CGMs产品架构设计适用于持续葡萄糖监测系统.docx","预览"
"S0023-9018","持续葡萄糖监测系统发射器架构和软件详细设计","Gold Standard","CGM-1-CE-A-CH9.2.2-S0023-9018  Transmitter Software Architecture and Detailed Design of the CGM-MS1 Continuous Glucose Monitoring System.docx","D:\ShareCache\LS_SH(上海生命科技)\1、研发部\2、CGM\CGM-MDR注册\Technical Documentation-final\Chapter 9 Software and Cyperscurity\9.2 Software verification and validation0507\9.2.2 Software architecture document\CGM-1-CE-A-CH9.2.2-S0023-9018  Transmitter Software Architecture and Detailed Design of the CGM-MS1 Continuous Glucose Monitoring System.docx",".docx","0","339","C:\Users\hejc\Desktop\DHF\CGM-1-CE-A-CH9.2.2-S0023-9018  Transmitter Software Architecture and Detailed Design of the CGM-MS1 Continuous Glucose Monitoring System.docx","预览"
"S0023-9018","持续葡萄糖监测系统发射器架构和软件详细设计","Gold Standard","CGM-1-CE-A-CH9.2.2-S0023-9018  Transmitter Software Architecture and Detailed Design of the CGM-MS1 Continuous Glucose Monitoring System.pdf","D:\ShareCache\LS_SH(上海生命科技)\1、研发部\2、CGM\CGM-MDR注册\Technical Documentation-final\Chapter 9 Software and Cyperscurity\9.2 Software verification and validation0507\9.2.2 Software architecture document\CGM-1-CE-A-CH9.2.2-S0023-9018  Transmitter Software Architecture and Detailed Design of the CGM-MS1 Continuous Glucose Monitoring System.pdf",".pdf","0","338","C:\Users\hejc\Desktop\DHF\CGM-1-CE-A-CH9.2.2-S0023-9018  Transmitter Software Architecture and Detailed Design of the CGM-MS1 Continuous Glucose Monitoring System.pdf","预览"
"S0023-9021","持续葡萄糖监测系统接收端手机应用软件架构设计和详细设计","Gold Standard","CGM-1-CE-A-CH9.2.2-S0023-9021 App.DOC","D:\ShareCache\LS_SH(上海生命科技)\1、研发部\2、CGM\CGM-MDR注册\Technical Documentation-final\Chapter 9 Software and Cyperscurity\9.2 Software verification and validation0507\9.2.2 Software architecture document\CGM-1-CE-A-CH9.2.2-S0023-9021 App.DOC",".DOC","0","235","C:\Users\hejc\Desktop\DHF\CGM-1-CE-A-CH9.2.2-S0023-9021 App.DOC","预览"
"S0023-9021","持续葡萄糖监测系统接收端手机应用软件架构设计和详细设计","Gold Standard","CGM-1-CE-A-CH9.2.2-S0023-9021 App.pdf","D:\ShareCache\LS_SH(上海生命科技)\1、研发部\2、CGM\CGM-MDR注册\Technical Documentation-final\Chapter 9 Software and Cyperscurity\9.2 Software verification and validation0507\9.2.2 Software architecture document\CGM-1-CE-A-CH9.2.2-S0023-9021 App.pdf",".pdf","0","235","C:\Users\hejc\Desktop\DHF\CGM-1-CE-A-CH9.2.2-S0023-9021 App.pdf","预览"
"S0023-9023","接收端软件需求规范","项目管理文件","S0023-9023 Software Requirements Specification for Continuous Glucose Monitoring System Receiver End.docx","D:\ShareCache\LS_SH(上海生命科技)\1、研发部\2、CGM\CGM-欧盟注册-项目管理文件\T1&T2%T3\DHF\S0023-9023 Software Requirements Specification for Continuous Glucose Monitoring System Receiver End.docx",".docx","0","174","C:\Users\hejc\Desktop\DHF\S0023-9023 Software Requirements Specification for Continuous Glucose Monitoring System Receiver End.docx","预览"
"S0023-9030","持续葡萄糖监测系统产品生物学评价计划","项目管理文件","S0023-9030 Continuous glucose monitoring systems (CGMs) biological evaluation program.docx","D:\ShareCache\LS_SH(上海生命科技)\1、研发部\2、CGM\CGM-欧盟注册-项目管理文件\T1&T2%T3\DHF\S0023-9030 Continuous glucose monitoring systems (CGMs) biological evaluation program.docx",".docx","0","159","C:\Users\hejc\Desktop\DHF\S0023-9030 Continuous glucose monitoring systems (CGMs) biological evaluation program.docx","预览"
"S0023-9032","持续葡萄糖监测系统设计故障模式与效应分析报告（DFMEA)","项目管理文件","S0023-9032 Design Failure Mode and Effects Analysis (DFMEA)  For CGMs  设计故障模式与影响分析适用于持续葡萄糖监测系统.docx","D:\ShareCache\LS_SH(上海生命科技)\1、研发部\2、CGM\CGM-欧盟注册-项目管理文件\T1&T2%T3\DHF\S0023-9032 Design Failure Mode and Effects Analysis (DFMEA)  For CGMs  设计故障模式与影响分析适用于持续葡萄糖监测系统.docx",".docx","0","168","C:\Users\hejc\Desktop\DHF\S0023-9032 Design Failure Mode and Effects Analysis (DFMEA)  For CGMs  设计故障模式与影响分析适用于持续葡萄糖监测系统.docx","预览"
"S0023-9033","持续葡萄糖监测系统使用故障模式与效应分析报告（UseFMEA）","项目管理文件","S0023-9033 Use-Failure Mode and Effects Analysis (Use-FMEA) For CGMs.docx","D:\ShareCache\LS_SH(上海生命科技)\1、研发部\2、CGM\CGM-欧盟注册-项目管理文件\T1&T2%T3\DHF\S0023-9033 Use-Failure Mode and Effects Analysis (Use-FMEA) For CGMs.docx",".docx","0","142","C:\Users\hejc\Desktop\DHF\S0023-9033 Use-Failure Mode and Effects Analysis (Use-FMEA) For CGMs.docx","预览"
"S0023-9036","持续葡萄糖监测系统使用说明书","项目管理文件","S0023-9036 持续葡萄糖监测系统说明书 IFU- Continuous Glucose Monitoring System.docx","D:\ShareCache\LS_SH(上海生命科技)\1、研发部\2、CGM\CGM-欧盟注册-项目管理文件\T1&T2%T3\DHF\S0023-9036 持续葡萄糖监测系统说明书 IFU- Continuous Glucose Monitoring System.docx",".docx","0","139","C:\Users\hejc\Desktop\DHF\S0023-9036 持续葡萄糖监测系统说明书 IFU- Continuous Glucose Monitoring System.docx","预览"
"S0023-9042","持续葡萄糖监测系统发射器软件需求规范","Gold Standard","CGM-1-CE-A-CH9.2.1-S0023-9042 Continuous Glucose Monitoring System Transmitter Software Requirements Specification.docx","D:\ShareCache\LS_SH(上海生命科技)\1、研发部\2、CGM\CGM-MDR注册\Technical Documentation-final\Chapter 9 Software and Cyperscurity\9.2 Software verification and validation0507\9.2.1 Software requirements\CGM-1-CE-A-CH9.2.1-S0023-9042 Continuous Glucose Monitoring System Transmitter Software Requirements Specification.docx",".docx","1","308","C:\Users\hejc\Desktop\DHF\CGM-1-CE-A-CH9.2.1-S0023-9042 Continuous Glucose Monitoring System Transmitter Software Requirements Specification.docx","预览"
"S0023-9042","持续葡萄糖监测系统发射器软件需求规范","Gold Standard","CGM-1-CE-A-CH9.2.1-S0023-9042 Continuous Glucose Monitoring System Transmitter Software Requirements Specification.pdf","D:\ShareCache\LS_SH(上海生命科技)\1、研发部\2、CGM\CGM-MDR注册\Technical Documentation-final\Chapter 9 Software and Cyperscurity\9.2 Software verification and validation0507\9.2.1 Software requirements\CGM-1-CE-A-CH9.2.1-S0023-9042 Continuous Glucose Monitoring System Transmitter Software Requirements Specification.pdf",".pdf","0","307","C:\Users\hejc\Desktop\DHF\CGM-1-CE-A-CH9.2.1-S0023-9042 Continuous Glucose Monitoring System Transmitter Software Requirements Specification.pdf","预览"
"S0023-9043","持续葡萄糖监测系统（CGMs）T3技术评审报告","项目管理文件","S0023-9043 附件A：持续葡萄糖监测系统（CGMs）技术评审检查表（T3） .docx","D:\ShareCache\LS_SH(上海生命科技)\1、研发部\2、CGM\CGM-欧盟注册-项目管理文件\T1&T2%T3\DHF\S0023-9043 附件A：持续葡萄糖监测系统（CGMs）技术评审检查表（T3） .docx",".docx","0","116","C:\Users\hejc\Desktop\DHF\S0023-9043 附件A：持续葡萄糖监测系统（CGMs）技术评审检查表（T3） .docx","预览"
"S0023-9043","持续葡萄糖监测系统（CGMs）T3技术评审报告","项目管理文件","S0023-9043_持续葡萄糖监测系统（CGMs）T3技术评审报告.doc","D:\ShareCache\LS_SH(上海生命科技)\1、研发部\2、CGM\CGM-欧盟注册-项目管理文件\T1&T2%T3\DHF\S0023-9043_持续葡萄糖监测系统（CGMs）T3技术评审报告.doc",".doc","0","107","C:\Users\hejc\Desktop\DHF\S0023-9043_持续葡萄糖监测系统（CGMs）T3技术评审报告.doc","预览"
"S0023-9045","MS1持续葡萄糖监测系统详细设计","项目管理文件","S0023-9045 Continuous glucose monitoring system CGM-MS1 Detailed Design.docx","D:\ShareCache\LS_SH(上海生命科技)\1、研发部\2、CGM\CGM-欧盟注册-项目管理文件\T1&T2%T3\DHF\S0023-9045 Continuous glucose monitoring system CGM-MS1 Detailed Design.docx",".docx","0","145","C:\Users\hejc\Desktop\DHF\S0023-9045 Continuous glucose monitoring system CGM-MS1 Detailed Design.docx","预览"
"S0023-9052A","组装物料清洗过程确认方案","Gold Standard","S0023-9052A Assembly Material Cleaning Process Validation Plan for MS1356.doc","D:\ShareCache\LS_SH(上海生命科技)\1、研发部\2、CGM\CGM-MDR注册\Technical Documentation-final\Chapter 3 Design and manufacturing information\3.3 Process validation and verification\S0023-9052A Assembly Material Cleaning Process Validation Plan for MS1356.doc",".doc","0","244","C:\Users\hejc\Desktop\DHF\S0023-9052A Assembly Material Cleaning Process Validation Plan for MS1356.doc","预览"
"S0023-9052A","组装物料清洗过程确认方案","Gold Standard","S0023-9052A Assembly Material Cleaning Process Validation Plan for MS1356.pdf","D:\ShareCache\LS_SH(上海生命科技)\1、研发部\2、CGM\CGM-MDR注册\Technical Documentation-final\Chapter 3 Design and manufacturing information\3.3 Process validation and verification\S0023-9052A Assembly Material Cleaning Process Validation Plan for MS1356.pdf",".pdf","0","244","C:\Users\hejc\Desktop\DHF\S0023-9052A Assembly Material Cleaning Process Validation Plan for MS1356.pdf","预览"
"S0023-9052B","组装物料清洗过程确认报告","Gold Standard","S0023-9052B Assembly Material Cleaning Process Validation Report for MS1356.doc","D:\ShareCache\LS_SH(上海生命科技)\1、研发部\2、CGM\CGM-MDR注册\Technical Documentation-final\Chapter 3 Design and manufacturing information\3.3 Process validation and verification\S0023-9052B Assembly Material Cleaning Process Validation Report for MS1356.doc",".doc","0","246","C:\Users\hejc\Desktop\DHF\S0023-9052B Assembly Material Cleaning Process Validation Report for MS1356.doc","预览"
"S0023-9052B","组装物料清洗过程确认报告","Gold Standard","S0023-9052B Assembly Material Cleaning Process Validation Report for MS1356.pdf","D:\ShareCache\LS_SH(上海生命科技)\1、研发部\2、CGM\CGM-MDR注册\Technical Documentation-final\Chapter 3 Design and manufacturing information\3.3 Process validation and verification\S0023-9052B Assembly Material Cleaning Process Validation Report for MS1356.pdf",".pdf","0","246","C:\Users\hejc\Desktop\DHF\S0023-9052B Assembly Material Cleaning Process Validation Report for MS1356.pdf","预览"
"S0023-9053A","前道组装工艺过程确认方案","Gold Standard","S0023-9053A CGM-MS3 Front-end Assembly Process Validation Protocol .doc","D:\ShareCache\LS_SH(上海生命科技)\1、研发部\2、CGM\CGM-MDR注册\Technical Documentation-final\Chapter 3 Design and manufacturing information\3.3 Process validation and verification\S0023-9053A CGM-MS3 Front-end Assembly Process Validation Protocol .doc",".doc","0","238","C:\Users\hejc\Desktop\DHF\S0023-9053A CGM-MS3 Front-end Assembly Process Validation Protocol .doc","预览"
"S0023-9053A","前道组装工艺过程确认方案","Gold Standard","S0023-9053A CGM-MS3 Front-end Assembly Process Validation Protocol .pdf","D:\ShareCache\LS_SH(上海生命科技)\1、研发部\2、CGM\CGM-MDR注册\Technical Documentation-final\Chapter 3 Design and manufacturing information\3.3 Process validation and verification\S0023-9053A CGM-MS3 Front-end Assembly Process Validation Protocol .pdf",".pdf","0","238","C:\Users\hejc\Desktop\DHF\S0023-9053A CGM-MS3 Front-end Assembly Process Validation Protocol .pdf","预览"
"S0023-9053B","前道组装工艺过程确认报告","Gold Standard","S0023-9053B CGM-MS3 Front-end Assembly Process Validation Report.doc","D:\ShareCache\LS_SH(上海生命科技)\1、研发部\2、CGM\CGM-MDR注册\Technical Documentation-final\Chapter 3 Design and manufacturing information\3.3 Process validation and verification\S0023-9053B CGM-MS3 Front-end Assembly Process Validation Report.doc",".doc","0","235","C:\Users\hejc\Desktop\DHF\S0023-9053B CGM-MS3 Front-end Assembly Process Validation Report.doc","预览"
"S0023-9053B","前道组装工艺过程确认报告","Gold Standard","S0023-9053B CGM-MS3 Front-end Assembly Process Validation Report.pdf","D:\ShareCache\LS_SH(上海生命科技)\1、研发部\2、CGM\CGM-MDR注册\Technical Documentation-final\Chapter 3 Design and manufacturing information\3.3 Process validation and verification\S0023-9053B CGM-MS3 Front-end Assembly Process Validation Report.pdf",".pdf","0","235","C:\Users\hejc\Desktop\DHF\S0023-9053B CGM-MS3 Front-end Assembly Process Validation Report.pdf","预览"
"S0023-9068A","CGM-MS3发射器软件单元测试方案","项目管理文件","S0023-9068A CGM-MS3持续葡萄糖监测系统发射器软件系统软件单元测试方案[CGM-MS3 Continuous Glucose Monitoring  System Software unit test plan].docx","D:\ShareCache\LS_SH(上海生命科技)\1、研发部\2、CGM\CGM-欧盟注册-项目管理文件\T1&T2%T3\LJ\S0023-9068A CGM-MS3持续葡萄糖监测系统发射器软件系统软件单元测试方案[CGM-MS3 Continuous Glucose Monitoring  System Software unit test plan].docx",".docx","0","187","C:\Users\hejc\Desktop\DHF\S0023-9068A CGM-MS3持续葡萄糖监测系统发射器软件系统软件单元测试方案[CGM-MS3 Continuous Glucose Monitoring  System Software unit test plan].docx","预览"
"S0023-9068B","CGM-MS3发射器软件单元测试报告","项目管理文件","S0023-9068B CGM-MS3持续葡萄糖监测系统发射器软件系统软件单元测试报告[CGM-MS3 Continuous Glucose Monitoring  System Software unit test report].docx","D:\ShareCache\LS_SH(上海生命科技)\1、研发部\2、CGM\CGM-欧盟注册-项目管理文件\T1&T2%T3\LJ\S0023-9068B CGM-MS3持续葡萄糖监测系统发射器软件系统软件单元测试报告[CGM-MS3 Continuous Glucose Monitoring  System Software unit test report].docx",".docx","0","189","C:\Users\hejc\Desktop\DHF\S0023-9068B CGM-MS3持续葡萄糖监测系统发射器软件系统软件单元测试报告[CGM-MS3 Continuous Glucose Monitoring  System Software unit test report].docx","预览"
"S0023-9069A","CGM-MS3发射器软件系统测试方案","项目管理文件","S0023-9069A CGM-MS3持续葡萄糖监测系统发射器软件系统测试方案[CGM-MS3 Continuous Glucose Monitoring System Transmitter Software System Test Plan].doc","D:\ShareCache\LS_SH(上海生命科技)\1、研发部\2、CGM\CGM-欧盟注册-项目管理文件\T1&T2%T3\LJ\S0023-9069A CGM-MS3持续葡萄糖监测系统发射器软件系统测试方案[CGM-MS3 Continuous Glucose Monitoring System Transmitter Software System Test Plan].doc",".doc","0","195","C:\Users\hejc\Desktop\DHF\S0023-9069A CGM-MS3持续葡萄糖监测系统发射器软件系统测试方案[CGM-MS3 Continuous Glucose Monitoring System Transmitter Software System Test Plan].doc","预览"
"S0023-9069B","CGM-MS3发射器软件系统测试报告","项目管理文件","S0023-9069B CGM-MS3 持续葡萄糖监测系统发射器软件系统测试报告[CGM-MS3 Continuous Glucose Monitoring System Transmitter Software System Test Report].docx","D:\ShareCache\LS_SH(上海生命科技)\1、研发部\2、CGM\CGM-欧盟注册-项目管理文件\T1&T2%T3\LJ\S0023-9069B CGM-MS3 持续葡萄糖监测系统发射器软件系统测试报告[CGM-MS3 Continuous Glucose Monitoring System Transmitter Software System Test Report].docx",".docx","0","199","C:\Users\hejc\Desktop\DHF\S0023-9069B CGM-MS3 持续葡萄糖监测系统发射器软件系统测试报告[CGM-MS3 Continuous Glucose Monitoring System Transmitter Software System Test Report].docx","预览"
"S0023-9070A","CGM-MS5发射器软件单元测试方案","项目管理文件","S0023-9070A CGM-MS5持续葡萄糖监测系统软件单元测试方案[CGM-MS5 Continuous Glucose Monitoring System Software unit testing plan].docx","D:\ShareCache\LS_SH(上海生命科技)\1、研发部\2、CGM\CGM-欧盟注册-项目管理文件\T1&T2%T3\LJ\S0023-9070A CGM-MS5持续葡萄糖监测系统软件单元测试方案[CGM-MS5 Continuous Glucose Monitoring System Software unit testing plan].docx",".docx","0","182","C:\Users\hejc\Desktop\DHF\S0023-9070A CGM-MS5持续葡萄糖监测系统软件单元测试方案[CGM-MS5 Continuous Glucose Monitoring System Software unit testing plan].docx","预览"
"S0023-9070B","CGM-MS5发射器软件单元测试报告","项目管理文件","S0023-9070B CGM-MS5持续葡萄糖监测系统软件单元测试报告[CGM-MS5 Continuous Grape Monitoring System Software Unit Test Report].docx","D:\ShareCache\LS_SH(上海生命科技)\1、研发部\2、CGM\CGM-欧盟注册-项目管理文件\T1&T2%T3\LJ\S0023-9070B CGM-MS5持续葡萄糖监测系统软件单元测试报告[CGM-MS5 Continuous Grape Monitoring System Software Unit Test Report].docx",".docx","0","179","C:\Users\hejc\Desktop\DHF\S0023-9070B CGM-MS5持续葡萄糖监测系统软件单元测试报告[CGM-MS5 Continuous Grape Monitoring System Software Unit Test Report].docx","预览"
"S0023-9071A","CGM-MS5发射器软件系统测试方案","项目管理文件","S0023-9071A CGM-MS5持续葡萄糖监测系统发射器软件系统测试方案[CGM-MS5 Continuous Glucose Monitoring System Transmitter Software System Test Plan].doc","D:\ShareCache\LS_SH(上海生命科技)\1、研发部\2、CGM\CGM-欧盟注册-项目管理文件\T1&T2%T3\LJ\S0023-9071A CGM-MS5持续葡萄糖监测系统发射器软件系统测试方案[CGM-MS5 Continuous Glucose Monitoring System Transmitter Software System Test Plan].doc",".doc","0","195","C:\Users\hejc\Desktop\DHF\S0023-9071A CGM-MS5持续葡萄糖监测系统发射器软件系统测试方案[CGM-MS5 Continuous Glucose Monitoring System Transmitter Software System Test Plan].doc","预览"
"S0023-9071B","CGM-MS5发射器软件系统测试报告","项目管理文件","S0023-9071B CGM-MS5持续葡萄糖监测系统发射器软件系统测试报告[CGM-MS5 Continuous Glucose Monitoring System Transmitter Software System Test Report].docx","D:\ShareCache\LS_SH(上海生命科技)\1、研发部\2、CGM\CGM-欧盟注册-项目管理文件\T1&T2%T3\LJ\S0023-9071B CGM-MS5持续葡萄糖监测系统发射器软件系统测试报告[CGM-MS5 Continuous Glucose Monitoring System Transmitter Software System Test Report].docx",".docx","0","198","C:\Users\hejc\Desktop\DHF\S0023-9071B CGM-MS5持续葡萄糖监测系统发射器软件系统测试报告[CGM-MS5 Continuous Glucose Monitoring System Transmitter Software System Test Report].docx","预览"
"S0023-9072A","CGM-MS1发射器软件单元测试方案","项目管理文件","S0023-9072A CGM-MS1持续葡萄糖监测系统发射器软件单元测试方案[CGM-MS1 Continuous Glucose Monitoring System Transmitter Software unit testing solution].docx","D:\ShareCache\LS_SH(上海生命科技)\1、研发部\2、CGM\CGM-欧盟注册-项目管理文件\T1&T2%T3\LJ\S0023-9072A CGM-MS1持续葡萄糖监测系统发射器软件单元测试方案[CGM-MS1 Continuous Glucose Monitoring System Transmitter Software unit testing solution].docx",".docx","0","201","C:\Users\hejc\Desktop\DHF\S0023-9072A CGM-MS1持续葡萄糖监测系统发射器软件单元测试方案[CGM-MS1 Continuous Glucose Monitoring System Transmitter Software unit testing solution].docx","预览"
"S0023-9072B","CGM-MS1发射器软件单元测试报告","项目管理文件","S0023-9072B CGM-MS1 持续葡萄糖监测系统发射器软件单元测试报告[CGM-MS1 Continuous Glucose Monitoring System Transmitter Software Unit Test Report].docx","D:\ShareCache\LS_SH(上海生命科技)\1、研发部\2、CGM\CGM-欧盟注册-项目管理文件\T1&T2%T3\LJ\S0023-9072B CGM-MS1 持续葡萄糖监测系统发射器软件单元测试报告[CGM-MS1 Continuous Glucose Monitoring System Transmitter Software Unit Test Report].docx",".docx","0","197","C:\Users\hejc\Desktop\DHF\S0023-9072B CGM-MS1 持续葡萄糖监测系统发射器软件单元测试报告[CGM-MS1 Continuous Glucose Monitoring System Transmitter Software Unit Test Report].docx","预览"
"S0023-9073A","CGM-MS1发射器软件系统测试方案","项目管理文件","S0023-9073A CGM-MS1持续葡萄糖监测系统发射器软件系统测试方案[CGM-MS1 Continuous Glucose Monitoring System Transmitter Software System Test Plan].doc","D:\ShareCache\LS_SH(上海生命科技)\1、研发部\2、CGM\CGM-欧盟注册-项目管理文件\T1&T2%T3\LJ\S0023-9073A CGM-MS1持续葡萄糖监测系统发射器软件系统测试方案[CGM-MS1 Continuous Glucose Monitoring System Transmitter Software System Test Plan].doc",".doc","0","195","C:\Users\hejc\Desktop\DHF\S0023-9073A CGM-MS1持续葡萄糖监测系统发射器软件系统测试方案[CGM-MS1 Continuous Glucose Monitoring System Transmitter Software System Test Plan].doc","预览"
"S0023-9073B","CGM-MS1发射器软件系统测试报告","项目管理文件","S0023-9073B CGM-MS1持续葡萄糖监测系统发射器软件系统测试报告[CGM-MS1 Continuous Glucose Monitoring System Transmitter Software System Test Report].docx","D:\ShareCache\LS_SH(上海生命科技)\1、研发部\2、CGM\CGM-欧盟注册-项目管理文件\T1&T2%T3\LJ\S0023-9073B CGM-MS1持续葡萄糖监测系统发射器软件系统测试报告[CGM-MS1 Continuous Glucose Monitoring System Transmitter Software System Test Report].docx",".docx","0","198","C:\Users\hejc\Desktop\DHF\S0023-9073B CGM-MS1持续葡萄糖监测系统发射器软件系统测试报告[CGM-MS1 Continuous Glucose Monitoring System Transmitter Software System Test Report].docx","预览"
"S0023-9074","CGM-MS1 发射器嵌入式软件开发过程追溯表","项目管理文件","S0023-9074 CGM-MS1发射器嵌入式软件开发过程追溯表[CGM-MS1 Transmitter Embedded Software Development Process Traceability Matrix].xlsx","D:\ShareCache\LS_SH(上海生命科技)\1、研发部\2、CGM\CGM-欧盟注册-项目管理文件\T1&T2%T3\LJ\S0023-9074 CGM-MS1发射器嵌入式软件开发过程追溯表[CGM-MS1 Transmitter Embedded Software Development Process Traceability Matrix].xlsx",".xlsx","0","185","C:\Users\hejc\Desktop\DHF\S0023-9074 CGM-MS1发射器嵌入式软件开发过程追溯表[CGM-MS1 Transmitter Embedded Software Development Process Traceability Matrix].xlsx","预览"
"S0023-9075","CGM-MS3 发射器嵌入式软件开发过程追溯表","项目管理文件","S0023-9075 CGM-MS3发射器嵌入式软件开发过程追溯表[CGM-MS3 Transmitter Embedded Software Development Process Traceability Matrix].xlsx","D:\ShareCache\LS_SH(上海生命科技)\1、研发部\2、CGM\CGM-欧盟注册-项目管理文件\T1&T2%T3\LJ\S0023-9075 CGM-MS3发射器嵌入式软件开发过程追溯表[CGM-MS3 Transmitter Embedded Software Development Process Traceability Matrix].xlsx",".xlsx","0","185","C:\Users\hejc\Desktop\DHF\S0023-9075 CGM-MS3发射器嵌入式软件开发过程追溯表[CGM-MS3 Transmitter Embedded Software Development Process Traceability Matrix].xlsx","预览"
"S0023-9076","CGM-MS5 发射器嵌入式软件开发过程追溯表","项目管理文件","S0023-9076 CGM-MS5发射器嵌入式软件开发过程追溯表[CGM-MS5 Transmitter Embedded Software Development Process Traceability Matrix].xlsx","D:\ShareCache\LS_SH(上海生命科技)\1、研发部\2、CGM\CGM-欧盟注册-项目管理文件\T1&T2%T3\LJ\S0023-9076 CGM-MS5发射器嵌入式软件开发过程追溯表[CGM-MS5 Transmitter Embedded Software Development Process Traceability Matrix].xlsx",".xlsx","0","185","C:\Users\hejc\Desktop\DHF\S0023-9076 CGM-MS5发射器嵌入式软件开发过程追溯表[CGM-MS5 Transmitter Embedded Software Development Process Traceability Matrix].xlsx","预览"
"S0023-9080","可用性工程计划","Gold Standard","S0023-9080 Usability Engineering Plan For CGMs .docx","D:\ShareCache\LS_SH(上海生命科技)\1、研发部\2、CGM\CGM-MDR注册\Technical Documentation-final\Chapter 13 Usability\13.1 Usability Plan\S0023-9080 Usability Engineering Plan For CGMs .docx",".docx","0","173","C:\Users\hejc\Desktop\DHF\S0023-9080 Usability Engineering Plan For CGMs .docx","预览"
"S0023-9080","可用性工程计划","Gold Standard","S0023-9080 Usability Engineering Plan For CGMs .pdf","D:\ShareCache\LS_SH(上海生命科技)\1、研发部\2、CGM\CGM-MDR注册\Technical Documentation-final\Chapter 13 Usability\13.1 Usability Plan\S0023-9080 Usability Engineering Plan For CGMs .pdf",".pdf","0","172","C:\Users\hejc\Desktop\DHF\S0023-9080 Usability Engineering Plan For CGMs .pdf","预览"
"S0023-9081","用户描述与用户界面特征","Gold Standard","S0023-9081 User Profile and User Interface Characteristics For CGMs.docx","D:\ShareCache\LS_SH(上海生命科技)\1、研发部\2、CGM\CGM-MDR注册\Technical Documentation-final\Chapter 13 Usability\13.1 Usability Plan\S0023-9081 User Profile and User Interface Characteristics For CGMs.docx",".docx","0","193","C:\Users\hejc\Desktop\DHF\S0023-9081 User Profile and User Interface Characteristics For CGMs.docx","预览"
"S0023-9081","用户描述与用户界面特征","Gold Standard","S0023-9081 User Profile and User Interface Characteristics For CGMs.pdf","D:\ShareCache\LS_SH(上海生命科技)\1、研发部\2、CGM\CGM-MDR注册\Technical Documentation-final\Chapter 13 Usability\13.1 Usability Plan\S0023-9081 User Profile and User Interface Characteristics For CGMs.pdf",".pdf","0","192","C:\Users\hejc\Desktop\DHF\S0023-9081 User Profile and User Interface Characteristics For CGMs.pdf","预览"
"S0023-9083","形成性可用性测试报告","Gold Standard","S0023-9083 Formative Usability Test Report For CGMs.docx","D:\ShareCache\LS_SH(上海生命科技)\1、研发部\2、CGM\CGM-MDR注册\Technical Documentation-final\Chapter 13 Usability\13.3 Usability report\S0023-9083 Formative Usability Test Report For CGMs.docx",".docx","0","179","C:\Users\hejc\Desktop\DHF\S0023-9083 Formative Usability Test Report For CGMs.docx","预览"
"S0023-9083","形成性可用性测试报告","Gold Standard","S0023-9083 Formative Usability Test Report For CGMs.pdf","D:\ShareCache\LS_SH(上海生命科技)\1、研发部\2、CGM\CGM-MDR注册\Technical Documentation-final\Chapter 13 Usability\13.3 Usability report\S0023-9083 Formative Usability Test Report For CGMs.pdf",".pdf","0","178","C:\Users\hejc\Desktop\DHF\S0023-9083 Formative Usability Test Report For CGMs.pdf","预览"
"S0023-9085","总结性可用性测试报告","Gold Standard","S0023-9085 Summative Usability Test Report For CGMs .docx","D:\ShareCache\LS_SH(上海生命科技)\1、研发部\2、CGM\CGM-MDR注册\Technical Documentation-final\Chapter 13 Usability\13.3 Usability report\S0023-9085 Summative Usability Test Report For CGMs .docx",".docx","0","180","C:\Users\hejc\Desktop\DHF\S0023-9085 Summative Usability Test Report For CGMs .docx","预览"
"S0023-9085","总结性可用性测试报告","Gold Standard","S0023-9085 Summative Usability Test Report For CGMs .pdf","D:\ShareCache\LS_SH(上海生命科技)\1、研发部\2、CGM\CGM-MDR注册\Technical Documentation-final\Chapter 13 Usability\13.3 Usability report\S0023-9085 Summative Usability Test Report For CGMs .pdf",".pdf","0","179","C:\Users\hejc\Desktop\DHF\S0023-9085 Summative Usability Test Report For CGMs .pdf","预览"
"S0023-9092","使用场景与任务分析适用于持续葡萄糖监测系统","Gold Standard","S0023-9092 Use Scenarios and Task Analysis For CGMs .docx","D:\ShareCache\LS_SH(上海生命科技)\1、研发部\2、CGM\CGM-MDR注册\Technical Documentation-final\Chapter 13 Usability\13.1 Usability Plan\S0023-9092 Use Scenarios and Task Analysis For CGMs .docx",".docx","0","178","C:\Users\hejc\Desktop\DHF\S0023-9092 Use Scenarios and Task Analysis For CGMs .docx","预览"
"S0023-9092","使用场景与任务分析适用于持续葡萄糖监测系统","Gold Standard","S0023-9092 Use Scenarios and Task Analysis For CGMs .pdf","D:\ShareCache\LS_SH(上海生命科技)\1、研发部\2、CGM\CGM-MDR注册\Technical Documentation-final\Chapter 13 Usability\13.1 Usability Plan\S0023-9092 Use Scenarios and Task Analysis For CGMs .pdf",".pdf","0","177","C:\Users\hejc\Desktop\DHF\S0023-9092 Use Scenarios and Task Analysis For CGMs .pdf","预览"
"S0023-9096","持续葡萄糖监测系统设计验证追溯表（1356）","项目管理文件","S0023-9096 Continuous Glucose Monitoring System Design Verification Traceability  持续葡萄糖监测系统设计验证追溯表.docx","D:\ShareCache\LS_SH(上海生命科技)\1、研发部\2、CGM\CGM-欧盟注册-项目管理文件\T1&T2%T3\DHF\S0023-9096 Continuous Glucose Monitoring System Design Verification Traceability  持续葡萄糖监测系统设计验证追溯表.docx",".docx","0","172","C:\Users\hejc\Desktop\DHF\S0023-9096 Continuous Glucose Monitoring System Design Verification Traceability  持续葡萄糖监测系统设计验证追溯表.docx","预览"
"S0023-9100","CGM上市后监督管理计划","Gold Standard","S0023-9100 Post-Market Surveillance Plan  for CGMs.docx","D:\ShareCache\LS_SH(上海生命科技)\1、研发部\2、CGM\CGM-MDR注册\Technical Documentation-final\Chapter 15 Post-market surveillance\15. PMS Plan\S0023-9100 Post-Market Surveillance Plan  for CGMs.docx",".docx","0","184","C:\Users\hejc\Desktop\DHF\S0023-9100 Post-Market Surveillance Plan  for CGMs.docx","预览"
"S0023-9100","CGM上市后监督管理计划","Gold Standard","S0023-9100 Post-Market Surveillance Plan  for CGMs.pdf","D:\ShareCache\LS_SH(上海生命科技)\1、研发部\2、CGM\CGM-MDR注册\Technical Documentation-final\Chapter 15 Post-market surveillance\15. PMS Plan\S0023-9100 Post-Market Surveillance Plan  for CGMs.pdf",".pdf","0","183","C:\Users\hejc\Desktop\DHF\S0023-9100 Post-Market Surveillance Plan  for CGMs.pdf","预览"
"S0023-9101","通过产品使用说明书传达的安全信息和剩余风险","项目管理文件","S0023-9101 Safety Information and Residual Risks Communicated via the Product IFU.docx","D:\ShareCache\LS_SH(上海生命科技)\1、研发部\2、CGM\CGM-欧盟注册-项目管理文件\T1&T2%T3\DHF\S0023-9101 Safety Information and Residual Risks Communicated via the Product IFU.docx",".docx","0","155","C:\Users\hejc\Desktop\DHF\S0023-9101 Safety Information and Residual Risks Communicated via the Product IFU.docx","预览"
"S0023-9106","持续葡萄糖监测系统（CGMs）T4&T5技术评审报告","项目管理文件","S0023-9106 附件A：持续葡萄糖监测系统（CGMs）技术评审检查表（T4&T5）.docx","D:\ShareCache\LS_SH(上海生命科技)\1、研发部\2、CGM\CGM-欧盟注册-项目管理文件\T4&T5\S0023-9106 附件A：持续葡萄糖监测系统（CGMs）技术评审检查表（T4&T5）.docx",".docx","0","111","C:\Users\hejc\Desktop\DHF\S0023-9106 附件A：持续葡萄糖监测系统（CGMs）技术评审检查表（T4&T5）.docx","预览"
"S0023-9106","持续葡萄糖监测系统（CGMs）T4&T5技术评审报告","项目管理文件","S0023-9106_持续葡萄糖监测系统（CGMs）T4&T5技术评审报告 (1).doc","D:\ShareCache\LS_SH(上海生命科技)\1、研发部\2、CGM\CGM-欧盟注册-项目管理文件\T4&T5\S0023-9106_持续葡萄糖监测系统（CGMs）T4&T5技术评审报告 (1).doc",".doc","0","107","C:\Users\hejc\Desktop\DHF\S0023-9106_持续葡萄糖监测系统（CGMs）T4&T5技术评审报告 (1).doc","预览"
"S0023-9113A","Process Validation Protocol for Enzyme Coating of Blood Glucose Sensor","Gold Standard","S0023-9113A Process Validation Protocol for Enzyme Coating of Blood Glucose Sensor.DOC","D:\ShareCache\LS_SH(上海生命科技)\1、研发部\2、CGM\CGM-MDR注册\Technical Documentation-final\Chapter 3 Design and manufacturing information\3.3 Process validation and verification\S0023-9113A Process Validation Protocol for Enzyme Coating of Blood Glucose Sensor.DOC",".DOC","0","253","C:\Users\hejc\Desktop\DHF\S0023-9113A Process Validation Protocol for Enzyme Coating of Blood Glucose Sensor.DOC","预览"
"S0023-9113A","Process Validation Protocol for Enzyme Coating of Blood Glucose Sensor","Gold Standard","S0023-9113A Process Validation Protocol for Enzyme Coating of Blood Glucose Sensor.pdf","D:\ShareCache\LS_SH(上海生命科技)\1、研发部\2、CGM\CGM-MDR注册\Technical Documentation-final\Chapter 3 Design and manufacturing information\3.3 Process validation and verification\S0023-9113A Process Validation Protocol for Enzyme Coating of Blood Glucose Sensor.pdf",".pdf","0","253","C:\Users\hejc\Desktop\DHF\S0023-9113A Process Validation Protocol for Enzyme Coating of Blood Glucose Sensor.pdf","预览"
"S0023-9113B","Process Validation Report for Enzyme Coating of Blood Glucose Sensor","Gold Standard","S0023-9113B Process Validation Report for Enzyme Coating of Blood Glucose Sensor.DOC","D:\ShareCache\LS_SH(上海生命科技)\1、研发部\2、CGM\CGM-MDR注册\Technical Documentation-final\Chapter 3 Design and manufacturing information\3.3 Process validation and verification\S0023-9113B Process Validation Report for Enzyme Coating of Blood Glucose Sensor.DOC",".DOC","0","251","C:\Users\hejc\Desktop\DHF\S0023-9113B Process Validation Report for Enzyme Coating of Blood Glucose Sensor.DOC","预览"
"S0023-9113B","Process Validation Report for Enzyme Coating of Blood Glucose Sensor","Gold Standard","S0023-9113B Process Validation Report for Enzyme Coating of Blood Glucose Sensor.pdf","D:\ShareCache\LS_SH(上海生命科技)\1、研发部\2、CGM\CGM-MDR注册\Technical Documentation-final\Chapter 3 Design and manufacturing information\3.3 Process validation and verification\S0023-9113B Process Validation Report for Enzyme Coating of Blood Glucose Sensor.pdf",".pdf","0","251","C:\Users\hejc\Desktop\DHF\S0023-9113B Process Validation Report for Enzyme Coating of Blood Glucose Sensor.pdf","预览"
"S0023-9114A","Process Validation Protocol for Outer Membrane Coating of Blood Glucose Sensor","Gold Standard","S0023-9114A Process Validation Protocol for Outer Membrane Coating of Blood Glucose S.pdf","D:\ShareCache\LS_SH(上海生命科技)\1、研发部\2、CGM\CGM-MDR注册\Technical Documentation-final\Chapter 3 Design and manufacturing information\3.3 Process validation and verification\S0023-9114A Process Validation Protocol for Outer Membrane Coating of Blood Glucose S.pdf",".pdf","0","256","C:\Users\hejc\Desktop\DHF\S0023-9114A Process Validation Protocol for Outer Membrane Coating of Blood Glucose S.pdf","预览"
"S0023-9114A","Process Validation Protocol for Outer Membrane Coating of Blood Glucose Sensor","Gold Standard","S0023-9114A Process Validation Protocol for Outer Membrane Coating of Blood Glucose Sensor.DOC","D:\ShareCache\LS_SH(上海生命科技)\1、研发部\2、CGM\CGM-MDR注册\Technical Documentation-final\Chapter 3 Design and manufacturing information\3.3 Process validation and verification\S0023-9114A Process Validation Protocol for Outer Membrane Coating of Blood Glucose Sensor.DOC",".DOC","0","261","C:\Users\hejc\Desktop\DHF\S0023-9114A Process Validation Protocol for Outer Membrane Coating of Blood Glucose Sensor.DOC","预览"
"S0023-9114B","Process Validation Report for Outer Membrane Coating of Blood Glucose Sensor","Gold Standard","S0023-9114B Process Validation Report for Outer Membrane Coating of Blood Glucose Sen.pdf","D:\ShareCache\LS_SH(上海生命科技)\1、研发部\2、CGM\CGM-MDR注册\Technical Documentation-final\Chapter 3 Design and manufacturing information\3.3 Process validation and verification\S0023-9114B Process Validation Report for Outer Membrane Coating of Blood Glucose Sen.pdf",".pdf","0","256","C:\Users\hejc\Desktop\DHF\S0023-9114B Process Validation Report for Outer Membrane Coating of Blood Glucose Sen.pdf","预览"
"S0023-9114B","Process Validation Report for Outer Membrane Coating of Blood Glucose Sensor","Gold Standard","S0023-9114B Process Validation Report for Outer Membrane Coating of Blood Glucose Sensor.DOC","D:\ShareCache\LS_SH(上海生命科技)\1、研发部\2、CGM\CGM-MDR注册\Technical Documentation-final\Chapter 3 Design and manufacturing information\3.3 Process validation and verification\S0023-9114B Process Validation Report for Outer Membrane Coating of Blood Glucose Sensor.DOC",".DOC","0","259","C:\Users\hejc\Desktop\DHF\S0023-9114B Process Validation Report for Outer Membrane Coating of Blood Glucose Sensor.DOC","预览"
"S0023-9115A","Process Validation Protocol for Cleaning after Electrochemical Testing of Sensor","Gold Standard","S0023-9115A Process Validation Protocol for Cleaning after Electrochemical Testing of Sensor.DOC","D:\ShareCache\LS_SH(上海生命科技)\1、研发部\2、CGM\CGM-MDR注册\Technical Documentation-final\Chapter 3 Design and manufacturing information\3.3 Process validation and verification\S0023-9115A Process Validation Protocol for Cleaning after Electrochemical Testing of Sensor.DOC",".DOC","0","263","C:\Users\hejc\Desktop\DHF\S0023-9115A Process Validation Protocol for Cleaning after Electrochemical Testing of Sensor.DOC","预览"
"S0023-9115A","Process Validation Protocol for Cleaning after Electrochemical Testing of Sensor","Gold Standard","S0023-9115A Process Validation Protocol for Cleaning after Electrochemical Testing of.pdf","D:\ShareCache\LS_SH(上海生命科技)\1、研发部\2、CGM\CGM-MDR注册\Technical Documentation-final\Chapter 3 Design and manufacturing information\3.3 Process validation and verification\S0023-9115A Process Validation Protocol for Cleaning after Electrochemical Testing of.pdf",".pdf","0","256","C:\Users\hejc\Desktop\DHF\S0023-9115A Process Validation Protocol for Cleaning after Electrochemical Testing of.pdf","预览"
"S0023-9115B","Process Validation Report for Cleaning after Electrochemical Testing of Sensor","Gold Standard","S0023-9115B Process Validation Report for Cleaning after Electrochemical Testing of S.pdf","D:\ShareCache\LS_SH(上海生命科技)\1、研发部\2、CGM\CGM-MDR注册\Technical Documentation-final\Chapter 3 Design and manufacturing information\3.3 Process validation and verification\S0023-9115B Process Validation Report for Cleaning after Electrochemical Testing of S.pdf",".pdf","0","256","C:\Users\hejc\Desktop\DHF\S0023-9115B Process Validation Report for Cleaning after Electrochemical Testing of S.pdf","预览"
"S0023-9115B","Process Validation Report for Cleaning after Electrochemical Testing of Sensor","Gold Standard","S0023-9115B Process Validation Report for Cleaning after Electrochemical Testing of Sensor.DOC","D:\ShareCache\LS_SH(上海生命科技)\1、研发部\2、CGM\CGM-MDR注册\Technical Documentation-final\Chapter 3 Design and manufacturing information\3.3 Process validation and verification\S0023-9115B Process Validation Report for Cleaning after Electrochemical Testing of Sensor.DOC",".DOC","0","261","C:\Users\hejc\Desktop\DHF\S0023-9115B Process Validation Report for Cleaning after Electrochemical Testing of Sensor.DOC","预览"
"S0023-9117A","Process Validation Protocol for Cleaning after Electrical Testing of CGM-MS5&MS6","Gold Standard","S0023-9117A Process Validation Protocol for Cleaning after Electrical Testing of CGM- MS3.doc","D:\ShareCache\LS_SH(上海生命科技)\1、研发部\2、CGM\CGM-MDR注册\Technical Documentation-final\Chapter 3 Design and manufacturing information\3.3 Process validation and verification\S0023-9117A Process Validation Protocol for Cleaning after Electrical Testing of CGM- MS3.doc",".doc","0","260","C:\Users\hejc\Desktop\DHF\S0023-9117A Process Validation Protocol for Cleaning after Electrical Testing of CGM- MS3.doc","预览"
"S0023-9117A","Process Validation Protocol for Cleaning after Electrical Testing of CGM-MS5&MS6","Gold Standard","S0023-9117A Process Validation Protocol for Cleaning after Electrical Testing of CGM-.pdf","D:\ShareCache\LS_SH(上海生命科技)\1、研发部\2、CGM\CGM-MDR注册\Technical Documentation-final\Chapter 3 Design and manufacturing information\3.3 Process validation and verification\S0023-9117A Process Validation Protocol for Cleaning after Electrical Testing of CGM-.pdf",".pdf","0","256","C:\Users\hejc\Desktop\DHF\S0023-9117A Process Validation Protocol for Cleaning after Electrical Testing of CGM-.pdf","预览"
"S0023-9117B","Process Validation Report for Cleaning after Electrical Testing of CGM- MS5 & MS6","Gold Standard","S0023-9117B Process Validation Report for Cleaning after Electrical Testing of CGM- M.pdf","D:\ShareCache\LS_SH(上海生命科技)\1、研发部\2、CGM\CGM-MDR注册\Technical Documentation-final\Chapter 3 Design and manufacturing information\3.3 Process validation and verification\S0023-9117B Process Validation Report for Cleaning after Electrical Testing of CGM- M.pdf",".pdf","0","256","C:\Users\hejc\Desktop\DHF\S0023-9117B Process Validation Report for Cleaning after Electrical Testing of CGM- M.pdf","预览"
"S0023-9117B","Process Validation Report for Cleaning after Electrical Testing of CGM- MS5 & MS6","Gold Standard","S0023-9117B Process Validation Report for Cleaning after Electrical Testing of CGM- MS3.doc","D:\ShareCache\LS_SH(上海生命科技)\1、研发部\2、CGM\CGM-MDR注册\Technical Documentation-final\Chapter 3 Design and manufacturing information\3.3 Process validation and verification\S0023-9117B Process Validation Report for Cleaning after Electrical Testing of CGM- MS3.doc",".doc","0","258","C:\Users\hejc\Desktop\DHF\S0023-9117B Process Validation Report for Cleaning after Electrical Testing of CGM- MS3.doc","预览"
"S0023-9126","软件风险管理计划","Gold Standard","S0023-9126 Research Report on the Synthesis Process of Metal Coordination Polymers fo.pdf","D:\ShareCache\LS_SH(上海生命科技)\1、研发部\2、CGM\CGM-MDR注册\Technical Documentation-final\Chapter 3 Design and manufacturing information\3.3 Process validation and verification\S0023-9126 Research Report on the Synthesis Process of Metal Coordination Polymers fo.pdf",".pdf","0","256","C:\Users\hejc\Desktop\DHF\S0023-9126 Research Report on the Synthesis Process of Metal Coordination Polymers fo.pdf","预览"
"S0023-9126","软件风险管理计划","Gold Standard","S0023-9126 Research Report on the Synthesis Process of Metal Coordination Polymers for Continuous Glucose Monitoring Systems.DOC","D:\ShareCache\LS_SH(上海生命科技)\1、研发部\2、CGM\CGM-MDR注册\Technical Documentation-final\Chapter 3 Design and manufacturing information\3.3 Process validation and verification\S0023-9126 Research Report on the Synthesis Process of Metal Coordination Polymers for Continuous Glucose Monitoring Systems.DOC",".DOC","0","295","C:\Users\hejc\Desktop\DHF\S0023-9126 Research Report on the Synthesis Process of Metal Coordination Polymers for Continuous Glucose Monitoring Systems.DOC","预览"
"S0023-9127","软件风险管理报告","Gold Standard","S0023-9127 Research Report on the Synthesis Process of the Outer Membrane Layer Polym.pdf","D:\ShareCache\LS_SH(上海生命科技)\1、研发部\2、CGM\CGM-MDR注册\Technical Documentation-final\Chapter 3 Design and manufacturing information\3.3 Process validation and verification\S0023-9127 Research Report on the Synthesis Process of the Outer Membrane Layer Polym.pdf",".pdf","0","256","C:\Users\hejc\Desktop\DHF\S0023-9127 Research Report on the Synthesis Process of the Outer Membrane Layer Polym.pdf","预览"
"S0023-9127","软件风险管理报告","Gold Standard","S0023-9127 Research Report on the Synthesis Process of the Outer Membrane Layer Polymer for Continuous Glucose Monitoring Systems.DOC","D:\ShareCache\LS_SH(上海生命科技)\1、研发部\2、CGM\CGM-MDR注册\Technical Documentation-final\Chapter 3 Design and manufacturing information\3.3 Process validation and verification\S0023-9127 Research Report on the Synthesis Process of the Outer Membrane Layer Polymer for Continuous Glucose Monitoring Systems.DOC",".DOC","0","300","C:\Users\hejc\Desktop\DHF\S0023-9127 Research Report on the Synthesis Process of the Outer Membrane Layer Polymer for Continuous Glucose Monitoring Systems.DOC","预览"
"S0023-9132","CGM-MS3持续葡萄糖监测系统发射器架构和软件详细设计","Gold Standard","CGM-1-CE-A-CH9.2.2-S0023-9132 Attachment-Detailed Design of Architecture and Software for Continuous Glucose Monitoring System Transmitter .docx","D:\ShareCache\LS_SH(上海生命科技)\1、研发部\2、CGM\CGM-MDR注册\Technical Documentation-final\Chapter 9 Software and Cyperscurity\9.2 Software verification and validation0507\9.2.2 Software architecture document\CGM-1-CE-A-CH9.2.2-S0023-9132 Attachment-Detailed Design of Architecture and Software for Continuous Glucose Monitoring System Transmitter .docx",".docx","0","342","C:\Users\hejc\Desktop\DHF\CGM-1-CE-A-CH9.2.2-S0023-9132 Attachment-Detailed Design of Architecture and Software for Continuous Glucose Monitoring System Transmitter .docx","预览"
"S0023-9132","CGM-MS3持续葡萄糖监测系统发射器架构和软件详细设计","Gold Standard","CGM-1-CE-A-CH9.2.2-S0023-9132 Attachment-Detailed Design of Architecture and Software for Continuous Glucose Monitoring System Transmitter .pdf","D:\ShareCache\LS_SH(上海生命科技)\1、研发部\2、CGM\CGM-MDR注册\Technical Documentation-final\Chapter 9 Software and Cyperscurity\9.2 Software verification and validation0507\9.2.2 Software architecture document\CGM-1-CE-A-CH9.2.2-S0023-9132 Attachment-Detailed Design of Architecture and Software for Continuous Glucose Monitoring System Transmitter .pdf",".pdf","0","341","C:\Users\hejc\Desktop\DHF\CGM-1-CE-A-CH9.2.2-S0023-9132 Attachment-Detailed Design of Architecture and Software for Continuous Glucose Monitoring System Transmitter .pdf","预览"
"S0023-9132","CGM-MS3持续葡萄糖监测系统发射器架构和软件详细设计","Gold Standard","CGM-1-CE-A-CH9.2.2-S0023-9132 Transmitter Software Architecture and Detailed Design of the CGM-MS3 Continuous Glucose Monitoring System.docx","D:\ShareCache\LS_SH(上海生命科技)\1、研发部\2、CGM\CGM-MDR注册\Technical Documentation-final\Chapter 9 Software and Cyperscurity\9.2 Software verification and validation0507\9.2.2 Software architecture document\CGM-1-CE-A-CH9.2.2-S0023-9132 Transmitter Software Architecture and Detailed Design of the CGM-MS3 Continuous Glucose Monitoring System.docx",".docx","0","338","C:\Users\hejc\Desktop\DHF\CGM-1-CE-A-CH9.2.2-S0023-9132 Transmitter Software Architecture and Detailed Design of the CGM-MS3 Continuous Glucose Monitoring System.docx","预览"
"S0023-9132","CGM-MS3持续葡萄糖监测系统发射器架构和软件详细设计","Gold Standard","CGM-1-CE-A-CH9.2.2-S0023-9132 Transmitter Software Architecture and Detailed Design of the CGM-MS3 Continuous Glucose Monitoring System.pdf","D:\ShareCache\LS_SH(上海生命科技)\1、研发部\2、CGM\CGM-MDR注册\Technical Documentation-final\Chapter 9 Software and Cyperscurity\9.2 Software verification and validation0507\9.2.2 Software architecture document\CGM-1-CE-A-CH9.2.2-S0023-9132 Transmitter Software Architecture and Detailed Design of the CGM-MS3 Continuous Glucose Monitoring System.pdf",".pdf","0","337","C:\Users\hejc\Desktop\DHF\CGM-1-CE-A-CH9.2.2-S0023-9132 Transmitter Software Architecture and Detailed Design of the CGM-MS3 Continuous Glucose Monitoring System.pdf","预览"
"S0023-9133","CGM-MS5持续葡萄糖监测系统发射器架构和软件详细设计","Gold Standard","CGM-1-CE-A-CH9.2.2-S0023-9133 Attachment-Transmitter Software Architecture and Detailed Design of the CGM-MS5.docx","D:\ShareCache\LS_SH(上海生命科技)\1、研发部\2、CGM\CGM-MDR注册\Technical Documentation-final\Chapter 9 Software and Cyperscurity\9.2 Software verification and validation0507\9.2.2 Software architecture document\CGM-1-CE-A-CH9.2.2-S0023-9133 Attachment-Transmitter Software Architecture and Detailed Design of the CGM-MS5.docx",".docx","0","312","C:\Users\hejc\Desktop\DHF\CGM-1-CE-A-CH9.2.2-S0023-9133 Attachment-Transmitter Software Architecture and Detailed Design of the CGM-MS5.docx","预览"
"S0023-9133","CGM-MS5持续葡萄糖监测系统发射器架构和软件详细设计","Gold Standard","CGM-1-CE-A-CH9.2.2-S0023-9133 Attachment-Transmitter Software Architecture and Detailed Design of the CGM-MS5.pdf","D:\ShareCache\LS_SH(上海生命科技)\1、研发部\2、CGM\CGM-MDR注册\Technical Documentation-final\Chapter 9 Software and Cyperscurity\9.2 Software verification and validation0507\9.2.2 Software architecture document\CGM-1-CE-A-CH9.2.2-S0023-9133 Attachment-Transmitter Software Architecture and Detailed Design of the CGM-MS5.pdf",".pdf","0","311","C:\Users\hejc\Desktop\DHF\CGM-1-CE-A-CH9.2.2-S0023-9133 Attachment-Transmitter Software Architecture and Detailed Design of the CGM-MS5.pdf","预览"
"S0023-9133","CGM-MS5持续葡萄糖监测系统发射器架构和软件详细设计","Gold Standard","CGM-1-CE-A-CH9.2.2-S0023-9133 Transmitter Software Architecture and Detailed Design of the CGM-MS5 Continuous Glucose Monitoring System.docx","D:\ShareCache\LS_SH(上海生命科技)\1、研发部\2、CGM\CGM-MDR注册\Technical Documentation-final\Chapter 9 Software and Cyperscurity\9.2 Software verification and validation0507\9.2.2 Software architecture document\CGM-1-CE-A-CH9.2.2-S0023-9133 Transmitter Software Architecture and Detailed Design of the CGM-MS5 Continuous Glucose Monitoring System.docx",".docx","0","338","C:\Users\hejc\Desktop\DHF\CGM-1-CE-A-CH9.2.2-S0023-9133 Transmitter Software Architecture and Detailed Design of the CGM-MS5 Continuous Glucose Monitoring System.docx","预览"
"S0023-9133","CGM-MS5持续葡萄糖监测系统发射器架构和软件详细设计","Gold Standard","CGM-1-CE-A-CH9.2.2-S0023-9133 Transmitter Software Architecture and Detailed Design of the CGM-MS5 Continuous Glucose Monitoring System.pdf","D:\ShareCache\LS_SH(上海生命科技)\1、研发部\2、CGM\CGM-MDR注册\Technical Documentation-final\Chapter 9 Software and Cyperscurity\9.2 Software verification and validation0507\9.2.2 Software architecture document\CGM-1-CE-A-CH9.2.2-S0023-9133 Transmitter Software Architecture and Detailed Design of the CGM-MS5 Continuous Glucose Monitoring System.pdf",".pdf","0","337","C:\Users\hejc\Desktop\DHF\CGM-1-CE-A-CH9.2.2-S0023-9133 Transmitter Software Architecture and Detailed Design of the CGM-MS5 Continuous Glucose Monitoring System.pdf","预览"
"S0023-9138A","MS1安装发射器上盖过程确认方案","Gold Standard","S0023-9138A Process Validation Protocol for Installation of CGM-MS1 Transmitter Cover.DOC","D:\ShareCache\LS_SH(上海生命科技)\1、研发部\2、CGM\CGM-MDR注册\Technical Documentation-final\Chapter 3 Design and manufacturing information\3.3 Process validation and verification\S0023-9138A Process Validation Protocol for Installation of CGM-MS1 Transmitter Cover.DOC",".DOC","0","256","C:\Users\hejc\Desktop\DHF\S0023-9138A Process Validation Protocol for Installation of CGM-MS1 Transmitter Cover.DOC","预览"
"S0023-9138A","MS1安装发射器上盖过程确认方案","Gold Standard","S0023-9138A Process Validation Protocol for Installation of CGM-MS1 Transmitter Cover.pdf","D:\ShareCache\LS_SH(上海生命科技)\1、研发部\2、CGM\CGM-MDR注册\Technical Documentation-final\Chapter 3 Design and manufacturing information\3.3 Process validation and verification\S0023-9138A Process Validation Protocol for Installation of CGM-MS1 Transmitter Cover.pdf",".pdf","0","256","C:\Users\hejc\Desktop\DHF\S0023-9138A Process Validation Protocol for Installation of CGM-MS1 Transmitter Cover.pdf","预览"
"S0023-9138B","MS1安装发射器上盖过程确认报告","Gold Standard","S0023-9138B Process Validation Report for Installation of CGM-MS1 Transmitter Cover.DOC","D:\ShareCache\LS_SH(上海生命科技)\1、研发部\2、CGM\CGM-MDR注册\Technical Documentation-final\Chapter 3 Design and manufacturing information\3.3 Process validation and verification\S0023-9138B Process Validation Report for Installation of CGM-MS1 Transmitter Cover.DOC",".DOC","0","254","C:\Users\hejc\Desktop\DHF\S0023-9138B Process Validation Report for Installation of CGM-MS1 Transmitter Cover.DOC","预览"
"S0023-9138B","MS1安装发射器上盖过程确认报告","Gold Standard","S0023-9138B Process Validation Report for Installation of CGM-MS1 Transmitter Cover.pdf","D:\ShareCache\LS_SH(上海生命科技)\1、研发部\2、CGM\CGM-MDR注册\Technical Documentation-final\Chapter 3 Design and manufacturing information\3.3 Process validation and verification\S0023-9138B Process Validation Report for Installation of CGM-MS1 Transmitter Cover.pdf",".pdf","0","254","C:\Users\hejc\Desktop\DHF\S0023-9138B Process Validation Report for Installation of CGM-MS1 Transmitter Cover.pdf","预览"
"S0023-9147A","CGM-MS1内包工序过程确认方案","Gold Standard","S0023-9147A CGM-MS1 Sensor Component Packaging Process Confirmation plan.docx","D:\ShareCache\LS_SH(上海生命科技)\1、研发部\2、CGM\CGM-MDR注册\Technical Documentation-final\Chapter 10 Packaging\10.2 Package validation\S0023-9147A CGM-MS1 Sensor Component Packaging Process Confirmation plan.docx",".docx","0","202","C:\Users\hejc\Desktop\DHF\S0023-9147A CGM-MS1 Sensor Component Packaging Process Confirmation plan.docx","预览"
"S0023-9147A","CGM-MS1内包工序过程确认方案","Gold Standard","S0023-9147A CGM-MS1 Sensor Component Packaging Process Confirmation plan.pdf","D:\ShareCache\LS_SH(上海生命科技)\1、研发部\2、CGM\CGM-MDR注册\Technical Documentation-final\Chapter 10 Packaging\10.2 Package validation\S0023-9147A CGM-MS1 Sensor Component Packaging Process Confirmation plan.pdf",".pdf","0","201","C:\Users\hejc\Desktop\DHF\S0023-9147A CGM-MS1 Sensor Component Packaging Process Confirmation plan.pdf","预览"
"S0023-9147B","CGM-MS1内包工序过程确认报告","Gold Standard","S0023-9147B CGM-MS1 Sensor Component Packaging Process Confirmation report.docx","D:\ShareCache\LS_SH(上海生命科技)\1、研发部\2、CGM\CGM-MDR注册\Technical Documentation-final\Chapter 10 Packaging\10.2 Package validation\S0023-9147B CGM-MS1 Sensor Component Packaging Process Confirmation report.docx",".docx","0","204","C:\Users\hejc\Desktop\DHF\S0023-9147B CGM-MS1 Sensor Component Packaging Process Confirmation report.docx","预览"
"S0023-9147B","CGM-MS1内包工序过程确认报告","Gold Standard","S0023-9147B CGM-MS1 Sensor Component Packaging Process Confirmation report.pdf","D:\ShareCache\LS_SH(上海生命科技)\1、研发部\2、CGM\CGM-MDR注册\Technical Documentation-final\Chapter 10 Packaging\10.2 Package validation\S0023-9147B CGM-MS1 Sensor Component Packaging Process Confirmation report.pdf",".pdf","0","203","C:\Users\hejc\Desktop\DHF\S0023-9147B CGM-MS1 Sensor Component Packaging Process Confirmation report.pdf","预览"
"S0023-9148A","CGM-MS3安装保护罩过程确认方案","Gold Standard","S0023-9148A CGM-MS3 Installation Protection Cover Module Process Air Tightness Research Plan.docx","D:\ShareCache\LS_SH(上海生命科技)\1、研发部\2、CGM\CGM-MDR注册\Technical Documentation-final\Chapter 10 Packaging\10.2 Package validation\S0023-9148A CGM-MS3 Installation Protection Cover Module Process Air Tightness Research Plan.docx",".docx","0","222","C:\Users\hejc\Desktop\DHF\S0023-9148A CGM-MS3 Installation Protection Cover Module Process Air Tightness Research Plan.docx","预览"
"S0023-9148A","CGM-MS3安装保护罩过程确认方案","Gold Standard","S0023-9148A CGM-MS3 Installation Protection Cover Module Process Air Tightness Research Plan.pdf","D:\ShareCache\LS_SH(上海生命科技)\1、研发部\2、CGM\CGM-MDR注册\Technical Documentation-final\Chapter 10 Packaging\10.2 Package validation\S0023-9148A CGM-MS3 Installation Protection Cover Module Process Air Tightness Research Plan.pdf",".pdf","0","221","C:\Users\hejc\Desktop\DHF\S0023-9148A CGM-MS3 Installation Protection Cover Module Process Air Tightness Research Plan.pdf","预览"
"S0023-9148B","CGM-MS3安装保护罩过程确认报告","Gold Standard","S0023-9148B CGM-MS3 Installation Protection Cover Module Process Air Tightness Research Report.docx","D:\ShareCache\LS_SH(上海生命科技)\1、研发部\2、CGM\CGM-MDR注册\Technical Documentation-final\Chapter 10 Packaging\10.2 Package validation\S0023-9148B CGM-MS3 Installation Protection Cover Module Process Air Tightness Research Report.docx",".docx","0","224","C:\Users\hejc\Desktop\DHF\S0023-9148B CGM-MS3 Installation Protection Cover Module Process Air Tightness Research Report.docx","预览"
"S0023-9148B","CGM-MS3安装保护罩过程确认报告","Gold Standard","S0023-9148B CGM-MS3 Installation Protection Cover Module Process Air Tightness Research Report.pdf","D:\ShareCache\LS_SH(上海生命科技)\1、研发部\2、CGM\CGM-MDR注册\Technical Documentation-final\Chapter 10 Packaging\10.2 Package validation\S0023-9148B CGM-MS3 Installation Protection Cover Module Process Air Tightness Research Report.pdf",".pdf","0","223","C:\Users\hejc\Desktop\DHF\S0023-9148B CGM-MS3 Installation Protection Cover Module Process Air Tightness Research Report.pdf","预览"
"S0023-9149A","CGM-MS5安装无菌模块过程确认方案","Gold Standard","S0023-9149A CGM-MS5&6 Installation of Sterile Module Procedure Air Tightness Research Plan.docx","D:\ShareCache\LS_SH(上海生命科技)\1、研发部\2、CGM\CGM-MDR注册\Technical Documentation-final\Chapter 10 Packaging\10.2 Package validation\S0023-9149A CGM-MS5&6 Installation of Sterile Module Procedure Air Tightness Research Plan.docx",".docx","0","220","C:\Users\hejc\Desktop\DHF\S0023-9149A CGM-MS5&6 Installation of Sterile Module Procedure Air Tightness Research Plan.docx","预览"
"S0023-9149A","CGM-MS5安装无菌模块过程确认方案","Gold Standard","S0023-9149A CGM-MS5&6 Installation of Sterile Module Procedure Air Tightness Research Plan.pdf","D:\ShareCache\LS_SH(上海生命科技)\1、研发部\2、CGM\CGM-MDR注册\Technical Documentation-final\Chapter 10 Packaging\10.2 Package validation\S0023-9149A CGM-MS5&6 Installation of Sterile Module Procedure Air Tightness Research Plan.pdf",".pdf","0","219","C:\Users\hejc\Desktop\DHF\S0023-9149A CGM-MS5&6 Installation of Sterile Module Procedure Air Tightness Research Plan.pdf","预览"
"S0023-9149B","CGM-MS5安装无菌模块过程确认报告","Gold Standard","S0023-9149B CGM-MS5&6 Installation of Sterile Module Procedure Air Tightness Research Report.docx","D:\ShareCache\LS_SH(上海生命科技)\1、研发部\2、CGM\CGM-MDR注册\Technical Documentation-final\Chapter 10 Packaging\10.2 Package validation\S0023-9149B CGM-MS5&6 Installation of Sterile Module Procedure Air Tightness Research Report.docx",".docx","0","222","C:\Users\hejc\Desktop\DHF\S0023-9149B CGM-MS5&6 Installation of Sterile Module Procedure Air Tightness Research Report.docx","预览"
"S0023-9149B","CGM-MS5安装无菌模块过程确认报告","Gold Standard","S0023-9149B CGM-MS5&6 Installation of Sterile Module Procedure Air Tightness Research Report.pdf","D:\ShareCache\LS_SH(上海生命科技)\1、研发部\2、CGM\CGM-MDR注册\Technical Documentation-final\Chapter 10 Packaging\10.2 Package validation\S0023-9149B CGM-MS5&6 Installation of Sterile Module Procedure Air Tightness Research Report.pdf",".pdf","0","221","C:\Users\hejc\Desktop\DHF\S0023-9149B CGM-MS5&6 Installation of Sterile Module Procedure Air Tightness Research Report.pdf","预览"
"S0023-9151A","CGM-MS1持续葡萄糖监测系统加速老化测试方案","Gold Standard","S0023-9151A CGM-MS1 Continuous Glucose Monitoring System Accelerated Aging Test Plan.docx","D:\ShareCache\LS_SH(上海生命科技)\1、研发部\2、CGM\CGM-MDR注册\Technical Documentation-final\Chapter 11 Shelf life\S0023-9151A CGM-MS1 Continuous Glucose Monitoring System Accelerated Aging Test Plan.docx",".docx","0","191","C:\Users\hejc\Desktop\DHF\S0023-9151A CGM-MS1 Continuous Glucose Monitoring System Accelerated Aging Test Plan.docx","预览"
"S0023-9151A","CGM-MS1持续葡萄糖监测系统加速老化测试方案","Gold Standard","S0023-9151A CGM-MS1 Continuous Glucose Monitoring System Accelerated Aging Test Plan.pdf","D:\ShareCache\LS_SH(上海生命科技)\1、研发部\2、CGM\CGM-MDR注册\Technical Documentation-final\Chapter 11 Shelf life\S0023-9151A CGM-MS1 Continuous Glucose Monitoring System Accelerated Aging Test Plan.pdf",".pdf","0","190","C:\Users\hejc\Desktop\DHF\S0023-9151A CGM-MS1 Continuous Glucose Monitoring System Accelerated Aging Test Plan.pdf","预览"
"S0023-9151B","CGM-MS1持续葡萄糖监测系统加速老化测试报告","Gold Standard","S0023-9151B CGM-MS1 Continuous Glucose Monitoring System Accelerated Aging Test Report.docx","D:\ShareCache\LS_SH(上海生命科技)\1、研发部\2、CGM\CGM-MDR注册\Technical Documentation-final\Chapter 11 Shelf life\S0023-9151B CGM-MS1 Continuous Glucose Monitoring System Accelerated Aging Test Report.docx",".docx","0","193","C:\Users\hejc\Desktop\DHF\S0023-9151B CGM-MS1 Continuous Glucose Monitoring System Accelerated Aging Test Report.docx","预览"
"S0023-9151B","CGM-MS1持续葡萄糖监测系统加速老化测试报告","Gold Standard","S0023-9151B CGM-MS1 Continuous Glucose Monitoring System Accelerated Aging Test Report.pdf","D:\ShareCache\LS_SH(上海生命科技)\1、研发部\2、CGM\CGM-MDR注册\Technical Documentation-final\Chapter 11 Shelf life\S0023-9151B CGM-MS1 Continuous Glucose Monitoring System Accelerated Aging Test Report.pdf",".pdf","0","192","C:\Users\hejc\Desktop\DHF\S0023-9151B CGM-MS1 Continuous Glucose Monitoring System Accelerated Aging Test Report.pdf","预览"
"S0023-9152A","CGM-MS3持续葡萄糖监测系统加速老化测试方案","Gold Standard","S0023-9152A CGM-MS3 Continuous Glucose Monitoring System Accelerated Aging Test Plan.docx","D:\ShareCache\LS_SH(上海生命科技)\1、研发部\2、CGM\CGM-MDR注册\Technical Documentation-final\Chapter 11 Shelf life\S0023-9152A CGM-MS3 Continuous Glucose Monitoring System Accelerated Aging Test Plan.docx",".docx","0","191","C:\Users\hejc\Desktop\DHF\S0023-9152A CGM-MS3 Continuous Glucose Monitoring System Accelerated Aging Test Plan.docx","预览"
"S0023-9152A","CGM-MS3持续葡萄糖监测系统加速老化测试方案","Gold Standard","S0023-9152A CGM-MS3 Continuous Glucose Monitoring System Accelerated Aging Test Plan.pdf","D:\ShareCache\LS_SH(上海生命科技)\1、研发部\2、CGM\CGM-MDR注册\Technical Documentation-final\Chapter 11 Shelf life\S0023-9152A CGM-MS3 Continuous Glucose Monitoring System Accelerated Aging Test Plan.pdf",".pdf","0","190","C:\Users\hejc\Desktop\DHF\S0023-9152A CGM-MS3 Continuous Glucose Monitoring System Accelerated Aging Test Plan.pdf","预览"
"S0023-9152B","CGM-MS3持续葡萄糖监测系统加速老化测试报告","Gold Standard","S0023-9152B CGM-MS3 Continuous Glucose Monitoring System Accelerated Aging Test Report.docx","D:\ShareCache\LS_SH(上海生命科技)\1、研发部\2、CGM\CGM-MDR注册\Technical Documentation-final\Chapter 11 Shelf life\S0023-9152B CGM-MS3 Continuous Glucose Monitoring System Accelerated Aging Test Report.docx",".docx","0","193","C:\Users\hejc\Desktop\DHF\S0023-9152B CGM-MS3 Continuous Glucose Monitoring System Accelerated Aging Test Report.docx","预览"
"S0023-9152B","CGM-MS3持续葡萄糖监测系统加速老化测试报告","Gold Standard","S0023-9152B CGM-MS3 Continuous Glucose Monitoring System Accelerated Aging Test Report.pdf","D:\ShareCache\LS_SH(上海生命科技)\1、研发部\2、CGM\CGM-MDR注册\Technical Documentation-final\Chapter 11 Shelf life\S0023-9152B CGM-MS3 Continuous Glucose Monitoring System Accelerated Aging Test Report.pdf",".pdf","0","192","C:\Users\hejc\Desktop\DHF\S0023-9152B CGM-MS3 Continuous Glucose Monitoring System Accelerated Aging Test Report.pdf","预览"
"S0023-9153A","CGM-MS5持续葡萄糖监测系统加速老化测试方案","Gold Standard","S0023-9153A CGM-MS5 Continuous Glucose Monitoring System Accelerated Aging Test Plan.docx","D:\ShareCache\LS_SH(上海生命科技)\1、研发部\2、CGM\CGM-MDR注册\Technical Documentation-final\Chapter 11 Shelf life\S0023-9153A CGM-MS5 Continuous Glucose Monitoring System Accelerated Aging Test Plan.docx",".docx","0","191","C:\Users\hejc\Desktop\DHF\S0023-9153A CGM-MS5 Continuous Glucose Monitoring System Accelerated Aging Test Plan.docx","预览"
"S0023-9153A","CGM-MS5持续葡萄糖监测系统加速老化测试方案","Gold Standard","S0023-9153A CGM-MS5 Continuous Glucose Monitoring System Accelerated Aging Test Plan.pdf","D:\ShareCache\LS_SH(上海生命科技)\1、研发部\2、CGM\CGM-MDR注册\Technical Documentation-final\Chapter 11 Shelf life\S0023-9153A CGM-MS5 Continuous Glucose Monitoring System Accelerated Aging Test Plan.pdf",".pdf","0","190","C:\Users\hejc\Desktop\DHF\S0023-9153A CGM-MS5 Continuous Glucose Monitoring System Accelerated Aging Test Plan.pdf","预览"
"S0023-9153B","CGM-MS5持续葡萄糖监测系统加速老化测试报告","Gold Standard","S0023-9153B CGM-MS5 Continuous Glucose Monitoring System Accelerated Aging Test Report.docx","D:\ShareCache\LS_SH(上海生命科技)\1、研发部\2、CGM\CGM-MDR注册\Technical Documentation-final\Chapter 11 Shelf life\S0023-9153B CGM-MS5 Continuous Glucose Monitoring System Accelerated Aging Test Report.docx",".docx","0","193","C:\Users\hejc\Desktop\DHF\S0023-9153B CGM-MS5 Continuous Glucose Monitoring System Accelerated Aging Test Report.docx","预览"
"S0023-9153B","CGM-MS5持续葡萄糖监测系统加速老化测试报告","Gold Standard","S0023-9153B CGM-MS5 Continuous Glucose Monitoring System Accelerated Aging Test Report.pdf","D:\ShareCache\LS_SH(上海生命科技)\1、研发部\2、CGM\CGM-MDR注册\Technical Documentation-final\Chapter 11 Shelf life\S0023-9153B CGM-MS5 Continuous Glucose Monitoring System Accelerated Aging Test Report.pdf",".pdf","0","192","C:\Users\hejc\Desktop\DHF\S0023-9153B CGM-MS5 Continuous Glucose Monitoring System Accelerated Aging Test Report.pdf","预览"
"S0023-9160A","MS5、MS6发射器点胶过程确认方案","Gold Standard","S0023-9160A CGM-MS5MS6 Transmitter Dispensing Process Validation Protocol .doc","D:\ShareCache\LS_SH(上海生命科技)\1、研发部\2、CGM\CGM-MDR注册\Technical Documentation-final\Chapter 3 Design and manufacturing information\3.3 Process validation and verification\S0023-9160A CGM-MS5MS6 Transmitter Dispensing Process Validation Protocol .doc",".doc","0","245","C:\Users\hejc\Desktop\DHF\S0023-9160A CGM-MS5MS6 Transmitter Dispensing Process Validation Protocol .doc","预览"
"S0023-9160A","MS5、MS6发射器点胶过程确认方案","Gold Standard","S0023-9160A CGM-MS5MS6 Transmitter Dispensing Process Validation Protocol .pdf","D:\ShareCache\LS_SH(上海生命科技)\1、研发部\2、CGM\CGM-MDR注册\Technical Documentation-final\Chapter 3 Design and manufacturing information\3.3 Process validation and verification\S0023-9160A CGM-MS5MS6 Transmitter Dispensing Process Validation Protocol .pdf",".pdf","0","245","C:\Users\hejc\Desktop\DHF\S0023-9160A CGM-MS5MS6 Transmitter Dispensing Process Validation Protocol .pdf","预览"
"S0023-9160B","MS5、MS6发射器点胶过程确认报告","Gold Standard","S0023-9160B CGM-MS5MS6 Transmitter Dispensing Process Validation Report .doc","D:\ShareCache\LS_SH(上海生命科技)\1、研发部\2、CGM\CGM-MDR注册\Technical Documentation-final\Chapter 3 Design and manufacturing information\3.3 Process validation and verification\S0023-9160B CGM-MS5MS6 Transmitter Dispensing Process Validation Report .doc",".doc","0","243","C:\Users\hejc\Desktop\DHF\S0023-9160B CGM-MS5MS6 Transmitter Dispensing Process Validation Report .doc","预览"
"S0023-9160B","MS5、MS6发射器点胶过程确认报告","Gold Standard","S0023-9160B CGM-MS5MS6 Transmitter Dispensing Process Validation Report .pdf","D:\ShareCache\LS_SH(上海生命科技)\1、研发部\2、CGM\CGM-MDR注册\Technical Documentation-final\Chapter 3 Design and manufacturing information\3.3 Process validation and verification\S0023-9160B CGM-MS5MS6 Transmitter Dispensing Process Validation Report .pdf",".pdf","0","243","C:\Users\hejc\Desktop\DHF\S0023-9160B CGM-MS5MS6 Transmitter Dispensing Process Validation Report .pdf","预览"
"S0023-9161B","MS1传感器组件内包工序过程再确认报告","Gold Standard","S0023-9161B Process Revalidation Report for Primary Packaging of CGM-MS1.docx","D:\ShareCache\LS_SH(上海生命科技)\1、研发部\2、CGM\CGM-MDR注册\Technical Documentation-final\Chapter 3 Design and manufacturing information\3.3 Process validation and verification\S0023-9161B Process Revalidation Report for Primary Packaging of CGM-MS1.docx",".docx","0","244","C:\Users\hejc\Desktop\DHF\S0023-9161B Process Revalidation Report for Primary Packaging of CGM-MS1.docx","预览"
"S0023-9161B","MS1传感器组件内包工序过程再确认报告","Gold Standard","S0023-9161B Process Revalidation Report for Primary Packaging of CGM-MS1.pdf","D:\ShareCache\LS_SH(上海生命科技)\1、研发部\2、CGM\CGM-MDR注册\Technical Documentation-final\Chapter 3 Design and manufacturing information\3.3 Process validation and verification\S0023-9161B Process Revalidation Report for Primary Packaging of CGM-MS1.pdf",".pdf","0","243","C:\Users\hejc\Desktop\DHF\S0023-9161B Process Revalidation Report for Primary Packaging of CGM-MS1.pdf","预览"
"S0023-9162B","CGM-MS1传感器底座与亲肤胶贴超声焊接过程确认报告","Gold Standard","S0023-9162B Process Validation Report for Ultrasonic Welding of CGM-MS1.docx","D:\ShareCache\LS_SH(上海生命科技)\1、研发部\2、CGM\CGM-MDR注册\Technical Documentation-final\Chapter 3 Design and manufacturing information\3.3 Process validation and verification\S0023-9162B Process Validation Report for Ultrasonic Welding of CGM-MS1.docx",".docx","0","243","C:\Users\hejc\Desktop\DHF\S0023-9162B Process Validation Report for Ultrasonic Welding of CGM-MS1.docx","预览"
"S0023-9162B","CGM-MS1传感器底座与亲肤胶贴超声焊接过程确认报告","Gold Standard","S0023-9162B Process Validation Report for Ultrasonic Welding of CGM-MS1.pdf","D:\ShareCache\LS_SH(上海生命科技)\1、研发部\2、CGM\CGM-MDR注册\Technical Documentation-final\Chapter 3 Design and manufacturing information\3.3 Process validation and verification\S0023-9162B Process Validation Report for Ultrasonic Welding of CGM-MS1.pdf",".pdf","0","242","C:\Users\hejc\Desktop\DHF\S0023-9162B Process Validation Report for Ultrasonic Welding of CGM-MS1.pdf","预览"
"S0023-9163A","CGM-MS3发射器底壳与亲肤胶贴超声焊接过程确认方案","Gold Standard","S0023-9163A Process Validation Protocol for Ultrasonic Welding of CGMMS3.docx","D:\ShareCache\LS_SH(上海生命科技)\1、研发部\2、CGM\CGM-MDR注册\Technical Documentation-final\Chapter 3 Design and manufacturing information\3.3 Process validation and verification\S0023-9163A Process Validation Protocol for Ultrasonic Welding of CGMMS3.docx",".docx","0","244","C:\Users\hejc\Desktop\DHF\S0023-9163A Process Validation Protocol for Ultrasonic Welding of CGMMS3.docx","预览"
"S0023-9163A","CGM-MS3发射器底壳与亲肤胶贴超声焊接过程确认方案","Gold Standard","S0023-9163A Process Validation Protocol for Ultrasonic Welding of CGMMS3.pdf","D:\ShareCache\LS_SH(上海生命科技)\1、研发部\2、CGM\CGM-MDR注册\Technical Documentation-final\Chapter 3 Design and manufacturing information\3.3 Process validation and verification\S0023-9163A Process Validation Protocol for Ultrasonic Welding of CGMMS3.pdf",".pdf","0","243","C:\Users\hejc\Desktop\DHF\S0023-9163A Process Validation Protocol for Ultrasonic Welding of CGMMS3.pdf","预览"
"S0023-9163B","CGM-MS3发射器底壳与亲肤胶贴超声焊接过程确认报告","Gold Standard","S0023-9163B Process Validation Report for Ultrasonic Welding of CGM-MS3.docx","D:\ShareCache\LS_SH(上海生命科技)\1、研发部\2、CGM\CGM-MDR注册\Technical Documentation-final\Chapter 3 Design and manufacturing information\3.3 Process validation and verification\S0023-9163B Process Validation Report for Ultrasonic Welding of CGM-MS3.docx",".docx","0","243","C:\Users\hejc\Desktop\DHF\S0023-9163B Process Validation Report for Ultrasonic Welding of CGM-MS3.docx","预览"
"S0023-9163B","CGM-MS3发射器底壳与亲肤胶贴超声焊接过程确认报告","Gold Standard","S0023-9163B Process Validation Report for Ultrasonic Welding of CGM-MS3.pdf","D:\ShareCache\LS_SH(上海生命科技)\1、研发部\2、CGM\CGM-MDR注册\Technical Documentation-final\Chapter 3 Design and manufacturing information\3.3 Process validation and verification\S0023-9163B Process Validation Report for Ultrasonic Welding of CGM-MS3.pdf",".pdf","0","242","C:\Users\hejc\Desktop\DHF\S0023-9163B Process Validation Report for Ultrasonic Welding of CGM-MS3.pdf","预览"
"S0023-9164","CGM-MS1&3&5&6 持续葡萄糖监测系统2025年过程确认主计划","Gold Standard","S0023-9164 CGM-MS1&3&5&6 Continuous Glucose Monitoring System Process Validation Maste.docx","D:\ShareCache\LS_SH(上海生命科技)\1、研发部\2、CGM\CGM-MDR注册\Technical Documentation-final\Chapter 3 Design and manufacturing information\3.4 Master validation-先不交\S0023-9164 CGM-MS1&3&5&6 Continuous Glucose Monitoring System Process Validation Maste.docx",".docx","0","244","C:\Users\hejc\Desktop\DHF\S0023-9164 CGM-MS1&3&5&6 Continuous Glucose Monitoring System Process Validation Maste.docx","预览"
"S0023-9164","CGM-MS1&3&5&6 持续葡萄糖监测系统2025年过程确认主计划","Gold Standard","S0023-9164 CGM-MS1&3&5&6 Continuous Glucose Monitoring System Process Validation Maste_Zou, PeiWen_2026_05_08.docx","D:\ShareCache\LS_SH(上海生命科技)\1、研发部\2、CGM\CGM-MDR注册\Technical Documentation-final\Chapter 3 Design and manufacturing information\3.4 Master validation-先不交\S0023-9164 CGM-MS1&3&5&6 Continuous Glucose Monitoring System Process Validation Maste_Zou, PeiWen_2026_05_08.docx",".docx","0","267","C:\Users\hejc\Desktop\DHF\S0023-9164 CGM-MS1&3&5&6 Continuous Glucose Monitoring System Process Validation Maste_Zou, PeiWen_2026_05_08.docx","预览"
